,,2015,Censo,36511848,,
,,2015,Votantes,25438532,69.7,
,,2015,Nulos,227219,,
,,2015,V&aacute;lidos,25211313,,
,,2015,Blancos,188132,,
,,2015,Partido Popular (PP),7236965,28.7,123
,,2015,Partido Socialista Obrero Espa&ntilde;ol (PSOE),5545315,22.0,90
,,2015,Podemos (PODEMOS),5212711,20.7,69
,,2015,Ciudadanos-Partido de la Ciudadan&iacute;a (C's),3514528,13.9,40
,,2015,Esquerra Republicana de Catalunya-Catalunya S&iacute; (ERC-CATSI),601782,2.4,9
,,2015,Democr&agrave;cia i Llibertat (DL),567253,2.2,8
,,2015,Euzko Alderdi Jeltzalea-Partido Nacionalista Vasco (EAJ-PNV),302316,1.2,6
,,2015,Unidad Popular (IU-UP),926783,3.7,2
,,2015,Euskal Herria Bildu (EH Bildu),219125,0.9,2
,,2015,Coalici&oacute;n Canaria-Partido Nacionalista Canario (CCa-PNC),81917,0.3,1
,,2015,Partido Animalista Contra el Maltrato Animal (PACMA),220369,0.9,0
,,2015,Uni&oacute;n Progreso y Democracia (UPyD),155153,0.6,0
,,2015,N&oacute;s-Candidatura Galega (BNG-CG-FOGA-PCPG-PG),70863,0.3,0
,,2015,Uni&oacute; Democr&agrave;tica de Catalunya (unio.cat),65388,0.3,0
,,2015,Vox (VOX),58114,0.2,0
,,2015,Recortes Cero-Grupo Verde,48675,0.2,0
,,2015,M&Eacute;S per Mallorca (M&Eacute;S),33877,0.1,0
,,2015,Partido Comunista de los Pueblos de Espa&ntilde;a (PCPE),31179,0.1,0
,,2015,Geroa Bai (GBAI),30642,0.1,0
,,2015,Otros,100226,0.4,0
01,,2015,Censo,6505266,,
01,,2015,Votantes,4493822,69.1,
01,,2015,Nulos,42319,,
01,,2015,V&aacute;lidos,4451503,,
01,,2015,Blancos,37729,,
01,,2015,Partido Socialista Obrero Espa&ntilde;ol (PSOE),1402393,31.5,22
01,,2015,Partido Popular (PP),1294293,29.1,21
01,,2015,Podemos (PODEMOS),752367,16.9,10
01,,2015,Ciudadanos-Partido de la Ciudadan&iacute;a (C's),613447,13.8,8
01,,2015,Unidad Popular (IU-UP),257019,5.8,0
01,,2015,Partido Animalista Contra el Maltrato Animal (PACMA),40879,0.9,0
01,,2015,Uni&oacute;n Progreso y Democracia (UPyD),23179,0.5,0
01,,2015,Vox (VOX),9005,0.2,0
01,,2015,Recortes Cero-Grupo Verde,5676,0.1,0
01,,2015,Partido Comunista de los Pueblos de Espa&ntilde;a (PCPE),5368,0.1,0
01,,2015,Otros,10148,0.2,0
02,,2015,Censo,1019135,,
02,,2015,Votantes,739707,72.6,
02,,2015,Nulos,6128,,
02,,2015,V&aacute;lidos,733579,,
02,,2015,Blancos,6791,,
02,,2015,Partido Popular-Partido Aragon&eacute;s (PP-PAR),229691,31.3,6
02,,2015,Partido Socialista Obrero Espa&ntilde;ol (PSOE),169057,23.0,4
02,,2015,Podemos (PODEMOS),136434,18.6,2
02,,2015,Ciudadanos-Partido de la Ciudadan&iacute;a (C's),126346,17.2,1
02,,2015,Unidad Popular (IU-UP),45199,6.2,0
02,,2015,Uni&oacute;n Progreso y Democracia (UPyD),5803,0.8,0
02,,2015,Partido Animalista Contra el Maltrato Animal (PACMA),5224,0.7,0
02,,2015,Vox (VOX),1849,0.3,0
02,,2015,Recortes Cero-Grupo Verde,1476,0.2,0
02,,2015,Partido Comunista de los Pueblos de Espa&ntilde;a (PCPE),1199,0.2,0
02,,2015,Otros,4510,0.6,0
05,,2015,Censo,1668911,,
05,,2015,Votantes,1006931,60.3,
05,,2015,Nulos,12900,,
05,,2015,V&aacute;lidos,994031,,
05,,2015,Blancos,7262,,
05,,2015,Partido Popular (PP),283575,28.5,5
05,,2015,Partido Socialista Obrero Espa&ntilde;ol-Nueva Canarias (PSOE-NCa),218413,22.0,4
05,,2015,Podemos (PODEMOS),231519,23.3,3
05,,2015,Ciudadanos-Partido de la Ciudadan&iacute;a (C's),113642,11.4,2
05,,2015,Coalici&oacute;n Canaria-Partido Nacionalista Canario (CCa-PNC),81917,8.2,1
05,,2015,Unidad Popular (IU-UP),30978,3.1,0
05,,2015,Partido Animalista Contra el Maltrato Animal (PACMA),11888,1.2,0
05,,2015,Uni&oacute;n Progreso y Democracia (UPyD),4681,0.5,0
05,,2015,Recortes Cero-Grupo Verde,2660,0.3,0
05,,2015,Partido Comunista de los Pueblos de Espa&ntilde;a (PCPE),1712,0.2,0
05,,2015,Vox (VOX),1546,0.2,0
05,,2015,Otros,4238,0.4,0
07,,2015,Censo,1572604,,
07,,2015,Votantes,1183571,75.3,
07,,2015,Nulos,13552,,
07,,2015,V&aacute;lidos,1170019,,
07,,2015,Blancos,8244,,
07,,2015,Partido Popular (PP),446235,38.1,10
07,,2015,Partido Socialista Obrero Espa&ntilde;ol (PSOE),331856,28.4,7
07,,2015,Ciudadanos-Partido de la Ciudadan&iacute;a (C's),161083,13.8,3
07,,2015,Podemos (PODEMOS),159726,13.7,1
07,,2015,Unidad Popular (IU-UP),41986,3.6,0
07,,2015,Partido Animalista Contra el Maltrato Animal (PACMA),8260,0.7,0
07,,2015,Uni&oacute;n Progreso y Democracia (UPyD),6162,0.5,0
07,,2015,Vox (VOX),3608,0.3,0
07,,2015,Recortes Cero-Grupo Verde,1751,0.1,0
07,,2015,Partido Comunista de los Pueblos de Espa&ntilde;a (PCPE),654,0.1,0
07,,2015,Otros,454,0.0,0
08,,2015,Censo,2143638,,
08,,2015,Votantes,1526754,71.2,
08,,2015,Nulos,16818,,
08,,2015,V&aacute;lidos,1509936,,
08,,2015,Blancos,14218,,
08,,2015,Partido Popular (PP),590438,39.1,17
08,,2015,Partido Socialista Obrero Espa&ntilde;ol (PSOE),339277,22.5,9
08,,2015,Ciudadanos-Partido de la Ciudadan&iacute;a (C's),231979,15.4,3
08,,2015,Podemos (PODEMOS),227577,15.1,3
08,,2015,Unidad Popular (IU-UP),68816,4.6,0
08,,2015,Uni&oacute;n Progreso y Democracia (UPyD),13096,0.9,0
08,,2015,Partido Animalista Contra el Maltrato Animal (PACMA),8533,0.6,0
08,,2015,Vox (VOX),4053,0.3,0
08,,2015,Recortes Cero-Grupo Verde,2526,0.2,0
08,,2015,Partido Comunista de los Pueblos de Espa&ntilde;a (PCPE),2232,0.1,0
08,,2015,Otros,7191,0.5,0
09,,2015,Censo,5516456,,
09,,2015,Votantes,3785924,68.6,
09,,2015,Nulos,23065,,
09,,2015,V&aacute;lidos,3762859,,
09,,2015,Blancos,25440,,
09,,2015,En Com&uacute; Podem (EN COM&Uacute;),929880,24.7,12
09,,2015,Esquerra Republicana de Catalunya-Catalunya S&iacute; (ERC-CATSI),601782,16.0,9
09,,2015,Partit dels Socialistes de Catalunya (PSC-PSOE),590274,15.7,8
09,,2015,Democr&agrave;cia i Llibertat (DL),567253,15.1,8
09,,2015,Ciudadanos-Partido de la Ciudadan&iacute;a (C's),490872,13.0,5
09,,2015,Partido Popular (PP),418369,11.1,5
09,,2015,Uni&oacute; Democr&agrave;tica de Catalunya (unio.cat),65388,1.7,0
09,,2015,Partido Animalista Contra el Maltrato Animal (PACMA),43930,1.2,0
09,,2015,Recortes Cero-Grupo Verde,12911,0.3,0
09,,2015,Uni&oacute;n Progreso y Democracia (UPyD),8554,0.2,0
09,,2015,Partit Comunista del Poble de Catalunya (PCPC),7116,0.2,0
09,,2015,Vox (VOX),465,0.0,0
09,,2015,Otros,625,0.0,0
10,,2015,Censo,910284,,
10,,2015,Votantes,656995,72.2,
10,,2015,Nulos,8651,,
10,,2015,V&aacute;lidos,648344,,
10,,2015,Blancos,4676,,
10,,2015,Partido Socialista Obrero Espa&ntilde;ol (PSOE),233251,36.0,5
10,,2015,Partido Popular (PP),225564,34.8,4
10,,2015,Podemos (PODEMOS),82098,12.7,1
10,,2015,Ciudadanos-Partido de la Ciudadan&iacute;a (C's),73756,11.4,0
10,,2015,Unidad Popular (IU-UP),19590,3.0,0
10,,2015,Partido Animalista Contra el Maltrato Animal (PACMA),3404,0.5,0
10,,2015,Uni&oacute;n Progreso y Democracia (UPyD),2620,0.4,0
10,,2015,Recortes Cero-Grupo Verde,846,0.1,0
10,,2015,Vox (VOX),518,0.1,0
10,,2015,Otros,2021,0.3,0
11,,2015,Censo,2705852,,
11,,2015,Votantes,1664951,61.5,
11,,2015,Nulos,22719,,
11,,2015,V&aacute;lidos,1642232,,
11,,2015,Blancos,17349,,
11,,2015,Partido Popular (PP),609623,37.1,10
11,,2015,En Marea (PODEMOS-En Marea-ANOVA-EU),410698,25.0,6
11,,2015,Partido dos Socialistas de Galicia-PSOE (PSdeG-PSOE),350220,21.3,6
11,,2015,Ciudadanos-Partido de la Ciudadan&iacute;a (C's),148852,9.1,1
11,,2015,N&oacute;s-Candidatura Galega (BNG-CG-FOGA-PCPG-PG),70863,4.3,0
11,,2015,Partido Animalista Contra el Maltrato Animal (PACMA),13523,0.8,0
11,,2015,Uni&oacute;n Progreso y Democracia (UPyD),8456,0.5,0
11,,2015,Recortes Cero-Grupo Verde,3829,0.2,0
11,,2015,Partido Comunista de los Pueblos de Espa&ntilde;a (PCPE),3245,0.2,0
11,,2015,Vox (VOX),1246,0.1,0
11,,2015,Otros,4328,0.3,0
14,,2015,Censo,1784229,,
14,,2015,Votantes,1231198,69.0,
14,,2015,Nulos,8441,,
14,,2015,V&aacute;lidos,1222757,,
14,,2015,Blancos,8669,,
14,,2015,Euzko Alderdi Jeltzalea-Partido Nacionalista Vasco (EAJ-PNV),302316,24.7,6
14,,2015,Podemos-Ahal Dugu (PODEMOS),317674,26.0,5
14,,2015,Partido Socialista de Euskadi-Euskadiko Ezkerra (PSE-EE/PSOE),161988,13.2,3
14,,2015,Euskal Herria Bildu (EH Bildu),184186,15.1,2
14,,2015,Partido Popular (PP),142127,11.6,2
14,,2015,Ciudadanos-Partido de la Ciudadan&iacute;a (C's),50268,4.1,0
14,,2015,Unidad Popular (IU-UP),36002,2.9,0
14,,2015,Partido Animalista Contra el Maltrato Animal (PACMA),8003,0.7,0
14,,2015,Uni&oacute;n Progreso y Democracia (UPyD),4093,0.3,0
14,,2015,Recortes Cero-Grupo Verde,2432,0.2,0
14,,2015,Partido Comunista de los Pueblos de Espa&ntilde;a (PCPE),589,0.0,0
14,,2015,Otros,4410,0.4,0
17,,2015,Censo,3615282,,
17,,2015,Votantes,2704022,74.8,
17,,2015,Nulos,23170,,
17,,2015,V&aacute;lidos,2680852,,
17,,2015,Blancos,16133,,
17,,2015,Partido Popular (PP),838135,31.3,11
17,,2015,Comprom&iacute;s-Podemos-&Eacute;s el Moment (PODEMOS-COMPROM&Iacute;S),673549,25.1,9
17,,2015,Partido Socialista Obrero Espa&ntilde;ol (PSOE),531489,19.8,7
17,,2015,Ciudadanos-Partido de la Ciudadan&iacute;a (C's),424621,15.8,5
17,,2015,Unidad Popular (IU-UP),111963,4.2,0
17,,2015,Partido Animalista Contra el Maltrato Animal (PACMA),25008,0.9,0
17,,2015,Uni&oacute;n Progreso y Democracia (UPyD),17303,0.6,0
17,,2015,Vox (VOX),7283,0.3,0
17,,2015,Recortes Cero-Grupo Verde,5011,0.2,0
17,,2015,Partido Comunista de los Pueblos de Espa&ntilde;a (PCPE),4341,0.2,0
17,,2015,Otros,26016,1.0,0
14,01,2015,Censo,254327,,
14,01,2015,Votantes,180941,71.1,
14,01,2015,Nulos,1764,,
14,01,2015,V&aacute;lidos,179177,,
14,01,2015,Blancos,1292,,
14,01,2015,Podemos-Ahal Dugu (PODEMOS),48413,27.0,1
14,01,2015,Partido Popular (PP),33683,18.8,1
14,01,2015,Euzko Alderdi Jeltzalea-Partido Nacionalista Vasco (EAJ-PNV),28353,15.8,1
14,01,2015,Partido Socialista de Euskadi-Euskadiko Ezkerra (PSE-EE/PSOE),25331,14.1,1
14,01,2015,Euskal Herria Bildu (EH Bildu),21225,11.8,0
14,01,2015,Ciudadanos-Partido de la Ciudadan&iacute;a (C's),10512,5.9,0
14,01,2015,Unidad Popular (IU-UP),6814,3.8,0
14,01,2015,Partido Animalista Contra el Maltrato Animal (PACMA),1385,0.8,0
14,01,2015,Uni&oacute;n Progreso y Democracia (UPyD),768,0.4,0
14,01,2015,Recortes Cero-Grupo Verde,561,0.3,0
14,01,2015,Partido Comunista de los Pueblos de Espa&ntilde;a (PCPE),175,0.1,0
14,01,2015,Otros,665,0.4,0
07,02,2015,Censo,310674,,
07,02,2015,Votantes,233882,75.3,
07,02,2015,Nulos,2300,,
07,02,2015,V&aacute;lidos,231582,,
07,02,2015,Blancos,1727,,
07,02,2015,Partido Popular (PP),85241,36.8,2
07,02,2015,Partido Socialista Obrero Espa&ntilde;ol (PSOE),65205,28.2,1
07,02,2015,Ciudadanos-Partido de la Ciudadan&iacute;a (C's),33755,14.6,1
07,02,2015,Podemos (PODEMOS),32320,14.0,0
07,02,2015,Unidad Popular (IU-UP),9306,4.0,0
07,02,2015,Partido Animalista Contra el Maltrato Animal (PACMA),1583,0.7,0
07,02,2015,Uni&oacute;n Progreso y Democracia (UPyD),1146,0.5,0
07,02,2015,Vox (VOX),538,0.2,0
07,02,2015,Recortes Cero-Grupo Verde,305,0.1,0
07,02,2015,Partido Comunista de los Pueblos de Espa&ntilde;a (PCPE),251,0.1,0
07,02,2015,Otros,205,0.1,0
17,03,2015,Censo,1251941,,
17,03,2015,Votantes,913165,72.9,
17,03,2015,Nulos,7952,,
17,03,2015,V&aacute;lidos,905213,,
17,03,2015,Blancos,5293,,
17,03,2015,Partido Popular (PP),297083,32.8,4
17,03,2015,Comprom&iacute;s-Podemos-&Eacute;s el Moment (PODEMOS-COMPROM&Iacute;S),201610,22.3,3
17,03,2015,Partido Socialista Obrero Espa&ntilde;ol (PSOE),188711,20.8,3
17,03,2015,Ciudadanos-Partido de la Ciudadan&iacute;a (C's),154397,17.1,2
17,03,2015,Unidad Popular (IU-UP),33397,3.7,0
17,03,2015,Partido Animalista Contra el Maltrato Animal (PACMA),8262,0.9,0
17,03,2015,Uni&oacute;n Progreso y Democracia (UPyD),5570,0.6,0
17,03,2015,Vox (VOX),2227,0.2,0
17,03,2015,Recortes Cero-Grupo Verde,1761,0.2,0
17,03,2015,Partido Comunista de los Pueblos de Espa&ntilde;a (PCPE),1741,0.2,0
17,03,2015,Otros,5161,0.6,0
01,04,2015,Censo,490192,,
01,04,2015,Votantes,312315,63.7,
01,04,2015,Nulos,2419,,
01,04,2015,V&aacute;lidos,309896,,
01,04,2015,Blancos,2211,,
01,04,2015,Partido Popular (PP),117635,38.0,2
01,04,2015,Partido Socialista Obrero Espa&ntilde;ol (PSOE),89434,28.9,2
01,04,2015,Ciudadanos-Partido de la Ciudadan&iacute;a (C's),44494,14.4,1
01,04,2015,Podemos (PODEMOS),39780,12.8,1
01,04,2015,Unidad Popular (IU-UP),10828,3.5,0
01,04,2015,Partido Animalista Contra el Maltrato Animal (PACMA),2126,0.7,0
01,04,2015,Uni&oacute;n Progreso y Democracia (UPyD),1532,0.5,0
01,04,2015,Vox (VOX),558,0.2,0
01,04,2015,Partido Comunista de los Pueblos de Espa&ntilde;a (PCPE),318,0.1,0
01,04,2015,Recortes Cero-Grupo Verde,297,0.1,0
01,04,2015,Otros,683,0.2,0
08,05,2015,Censo,139955,,
08,05,2015,Votantes,103251,73.8,
08,05,2015,Nulos,1234,,
08,05,2015,V&aacute;lidos,102017,,
08,05,2015,Blancos,744,,
08,05,2015,Partido Popular (PP),47072,46.1,2
08,05,2015,Partido Socialista Obrero Espa&ntilde;ol (PSOE),20254,19.9,1
08,05,2015,Ciudadanos-Partido de la Ciudadan&iacute;a (C's),15971,15.7,0
08,05,2015,Podemos (PODEMOS),11951,11.7,0
08,05,2015,Unidad Popular (IU-UP),3905,3.8,0
08,05,2015,Uni&oacute;n Progreso y Democracia (UPyD),908,0.9,0
08,05,2015,Partido Animalista Contra el Maltrato Animal (PACMA),519,0.5,0
08,05,2015,Vox (VOX),330,0.3,0
08,05,2015,Recortes Cero-Grupo Verde,125,0.1,0
08,05,2015,Otros,238,0.2,0
10,06,2015,Censo,559247,,
10,06,2015,Votantes,404576,72.3,
10,06,2015,Nulos,5224,,
10,06,2015,V&aacute;lidos,399352,,
10,06,2015,Blancos,3117,,
10,06,2015,Partido Socialista Obrero Espa&ntilde;ol (PSOE),148493,37.2,3
10,06,2015,Partido Popular (PP),137640,34.5,2
10,06,2015,Podemos (PODEMOS),47368,11.9,1
10,06,2015,Ciudadanos-Partido de la Ciudadan&iacute;a (C's),45350,11.4,0
10,06,2015,Unidad Popular (IU-UP),12338,3.1,0
10,06,2015,Partido Animalista Contra el Maltrato Animal (PACMA),2041,0.5,0
10,06,2015,Uni&oacute;n Progreso y Democracia (UPyD),1546,0.4,0
10,06,2015,Recortes Cero-Grupo Verde,508,0.1,0
10,06,2015,Otros,951,0.2,0
04,07,2015,Censo,771381,,
04,07,2015,Votantes,488666,63.3,
04,07,2015,Nulos,4696,,
04,07,2015,V&aacute;lidos,483970,,
04,07,2015,Blancos,3997,,
04,07,2015,Partido Popular (PP),140640,29.1,3
04,07,2015,Podemos (PODEMOS),111628,23.1,2
04,07,2015,Partido Socialista Obrero Espa&ntilde;ol (PSOE),88635,18.3,2
04,07,2015,Ciudadanos-Partido de la Ciudadan&iacute;a (C's),71551,14.8,1
04,07,2015,M&Eacute;S per Mallorca (M&Eacute;S),33877,7.0,0
04,07,2015,Unidad Popular (IU-UP),11451,2.4,0
04,07,2015,Partido Animalista Contra el Maltrato Animal (PACMA),5114,1.1,0
04,07,2015,Uni&oacute;n Progreso y Democracia (UPyD),2276,0.5,0
04,07,2015,Recortes Cero-Grupo Verde,1177,0.2,0
04,07,2015,Otros,13624,2.8,0
09,08,2015,Censo,4128181,,
09,08,2015,Votantes,2873383,69.6,
09,08,2015,Nulos,14976,,
09,08,2015,V&aacute;lidos,2858407,,
09,08,2015,Blancos,18119,,
09,08,2015,En Com&uacute; Podem (PODEMOS-EN COM&Uacute;),768235,26.9,9
09,08,2015,Partit dels Socialistes de Catalunya (PSC-PSOE),464588,16.3,5
09,08,2015,Esquerra Republicana de Catalunya-Catalunya S&iacute; (ERC-CATSI),414163,14.5,5
09,08,2015,Ciudadanos-Partido de la Ciudadan&iacute;a (C's),387061,13.5,4
09,08,2015,Democr&agrave;cia i Llibertat (DL),378723,13.2,4
09,08,2015,Partido Popular (PP),321980,11.3,4
09,08,2015,Uni&oacute; Democr&agrave;tica de Catalunya (unio.cat),48326,1.7,0
09,08,2015,Partido Animalista Contra el Maltrato Animal (PACMA),34394,1.2,0
09,08,2015,Recortes Cero-Grupo Verde,10730,0.4,0
09,08,2015,Uni&oacute;n Progreso y Democracia (UPyD),6595,0.2,0
09,08,2015,Partit Comunista del Poble de Catalunya (PCPC),5493,0.2,0
08,09,2015,Censo,300985,,
08,09,2015,Votantes,218037,72.4,
08,09,2015,Nulos,2250,,
08,09,2015,V&aacute;lidos,215787,,
08,09,2015,Blancos,2049,,
08,09,2015,Partido Popular (PP),82037,38.0,2
08,09,2015,Partido Socialista Obrero Espa&ntilde;ol (PSOE),44640,20.7,1
08,09,2015,Podemos (PODEMOS),36818,17.1,1
08,09,2015,Ciudadanos-Partido de la Ciudadan&iacute;a (C's),33558,15.6,0
08,09,2015,Unidad Popular (IU-UP),10171,4.7,0
08,09,2015,Uni&oacute;n Progreso y Democracia (UPyD),2356,1.1,0
08,09,2015,Partido Animalista Contra el Maltrato Animal (PACMA),1431,0.7,0
08,09,2015,Vox (VOX),926,0.4,0
08,09,2015,Partido Comunista de los Pueblos de Espa&ntilde;a (PCPE),507,0.2,0
08,09,2015,Recortes Cero-Grupo Verde,452,0.2,0
08,09,2015,Otros,842,0.4,0
10,10,2015,Censo,351037,,
10,10,2015,Votantes,252419,71.9,
10,10,2015,Nulos,3427,,
10,10,2015,V&aacute;lidos,248992,,
10,10,2015,Blancos,1559,,
10,10,2015,Partido Popular (PP),87924,35.3,2
10,10,2015,Partido Socialista Obrero Espa&ntilde;ol (PSOE),84758,34.0,2
10,10,2015,Podemos (PODEMOS),34730,13.9,0
10,10,2015,Ciudadanos-Partido de la Ciudadan&iacute;a (C's),28406,11.4,0
10,10,2015,Unidad Popular (IU-UP),7252,2.9,0
10,10,2015,Partido Animalista Contra el Maltrato Animal (PACMA),1363,0.5,0
10,10,2015,Uni&oacute;n Progreso y Democracia (UPyD),1074,0.4,0
10,10,2015,Vox (VOX),518,0.2,0
10,10,2015,Recortes Cero-Grupo Verde,338,0.1,0
10,10,2015,Otros,1070,0.4,0
01,11,2015,Censo,993618,,
01,11,2015,Votantes,652400,65.7,
01,11,2015,Nulos,5863,,
01,11,2015,V&aacute;lidos,646537,,
01,11,2015,Blancos,6781,,
01,11,2015,Partido Socialista Obrero Espa&ntilde;ol (PSOE),180895,28.0,3
01,11,2015,Partido Popular (PP),179319,27.7,3
01,11,2015,Podemos (PODEMOS),130734,20.2,2
01,11,2015,Ciudadanos-Partido de la Ciudadan&iacute;a (C's),94962,14.7,1
01,11,2015,Unidad Popular (IU-UP),38881,6.0,0
01,11,2015,Partido Animalista Contra el Maltrato Animal (PACMA),7591,1.2,0
01,11,2015,Uni&oacute;n Progreso y Democracia (UPyD),3637,0.6,0
01,11,2015,Vox (VOX),1493,0.2,0
01,11,2015,Recortes Cero-Grupo Verde,1042,0.2,0
01,11,2015,Partido Comunista de los Pueblos de Espa&ntilde;a (PCPE),780,0.1,0
01,11,2015,Otros,422,0.1,0
17,12,2015,Censo,417197,,
17,12,2015,Votantes,312815,75.0,
17,12,2015,Nulos,3330,,
17,12,2015,V&aacute;lidos,309485,,
17,12,2015,Blancos,2093,,
17,12,2015,Partido Popular (PP),98474,31.8,2
17,12,2015,Comprom&iacute;s-Podemos-&Eacute;s el Moment (PODEMOS-COMPROM&Iacute;S),74732,24.1,1
17,12,2015,Partido Socialista Obrero Espa&ntilde;ol (PSOE),66590,21.5,1
17,12,2015,Ciudadanos-Partido de la Ciudadan&iacute;a (C's),48328,15.6,1
17,12,2015,Unidad Popular (IU-UP),9605,3.1,0
17,12,2015,Partido Animalista Contra el Maltrato Animal (PACMA),2252,0.7,0
17,12,2015,Uni&oacute;n Progreso y Democracia (UPyD),1743,0.6,0
17,12,2015,Vox (VOX),921,0.3,0
17,12,2015,Partido Comunista de los Pueblos de Espa&ntilde;a (PCPE),509,0.2,0
17,12,2015,Recortes Cero-Grupo Verde,489,0.2,0
17,12,2015,Otros,3749,1.2,0
07,13,2015,Censo,401885,,
07,13,2015,Votantes,299003,74.4,
07,13,2015,Nulos,3427,,
07,13,2015,V&aacute;lidos,295576,,
07,13,2015,Blancos,2282,,
07,13,2015,Partido Popular (PP),113451,38.4,3
07,13,2015,Partido Socialista Obrero Espa&ntilde;ol (PSOE),91959,31.1,2
07,13,2015,Podemos (PODEMOS),36879,12.5,0
07,13,2015,Ciudadanos-Partido de la Ciudadan&iacute;a (C's),36477,12.3,0
07,13,2015,Unidad Popular (IU-UP),9834,3.3,0
07,13,2015,Partido Animalista Contra el Maltrato Animal (PACMA),1949,0.7,0
07,13,2015,Uni&oacute;n Progreso y Democracia (UPyD),1625,0.5,0
07,13,2015,Vox (VOX),560,0.2,0
07,13,2015,Recortes Cero-Grupo Verde,386,0.1,0
07,13,2015,Otros,174,0.1,0
01,14,2015,Censo,651727,,
01,14,2015,Votantes,472696,72.5,
01,14,2015,Nulos,5044,,
01,14,2015,V&aacute;lidos,467652,,
01,14,2015,Blancos,4481,,
01,14,2015,Partido Socialista Obrero Espa&ntilde;ol (PSOE),149851,32.0,2
01,14,2015,Partido Popular (PP),142101,30.4,2
01,14,2015,Podemos (PODEMOS),68740,14.7,1
01,14,2015,Ciudadanos-Partido de la Ciudadan&iacute;a (C's),55812,11.9,1
01,14,2015,Unidad Popular (IU-UP),37650,8.1,0
01,14,2015,Partido Animalista Contra el Maltrato Animal (PACMA),3529,0.8,0
01,14,2015,Uni&oacute;n Progreso y Democracia (UPyD),2069,0.4,0
01,14,2015,Partido Comunista de los Pueblos de Espa&ntilde;a (PCPE),876,0.2,0
01,14,2015,Recortes Cero-Grupo Verde,605,0.1,0
01,14,2015,Otros,1938,0.4,0
11,15,2015,Censo,1088822,,
11,15,2015,Votantes,682745,62.7,
11,15,2015,Nulos,8562,,
11,15,2015,V&aacute;lidos,674183,,
11,15,2015,Blancos,7674,,
11,15,2015,Partido Popular (PP),239303,35.5,3
11,15,2015,En Marea (PODEMOS-En Marea-ANOVA-EU),177581,26.3,2
11,15,2015,Partido dos Socialistas de Galicia-PSOE (PSdeG-PSOE),137734,20.4,2
11,15,2015,Ciudadanos-Partido de la Ciudadan&iacute;a (C's),66784,9.9,1
11,15,2015,N&oacute;s-Candidatura Galega (BNG-CG-FOGA-PCPG-PG),30618,4.5,0
11,15,2015,Partido Animalista Contra el Maltrato Animal (PACMA),5169,0.8,0
11,15,2015,Uni&oacute;n Progreso y Democracia (UPyD),3531,0.5,0
11,15,2015,Recortes Cero-Grupo Verde,1548,0.2,0
11,15,2015,Partido Comunista de los Pueblos de Espa&ntilde;a (PCPE),1447,0.2,0
11,15,2015,Vox (VOX),1246,0.2,0
11,15,2015,Otros,1548,0.2,0
07,16,2015,Censo,158886,,
07,16,2015,Votantes,122477,77.1,
07,16,2015,Nulos,1382,,
07,16,2015,V&aacute;lidos,121095,,
07,16,2015,Blancos,931,,
07,16,2015,Partido Popular (PP),50736,41.9,2
07,16,2015,Partido Socialista Obrero Espa&ntilde;ol (PSOE),37019,30.6,1
07,16,2015,Podemos (PODEMOS),14113,11.7,0
07,16,2015,Ciudadanos-Partido de la Ciudadan&iacute;a (C's),13049,10.8,0
07,16,2015,Unidad Popular (IU-UP),3628,3.0,0
07,16,2015,Partido Animalista Contra el Maltrato Animal (PACMA),537,0.4,0
07,16,2015,Uni&oacute;n Progreso y Democracia (UPyD),464,0.4,0
07,16,2015,Vox (VOX),356,0.3,0
07,16,2015,Recortes Cero-Grupo Verde,165,0.1,0
07,16,2015,Partido Comunista de los Pueblos de Espa&ntilde;a (PCPE),97,0.1,0
09,17,2015,Censo,511640,,
09,17,2015,Votantes,335561,65.6,
09,17,2015,Nulos,2938,,
09,17,2015,V&aacute;lidos,332623,,
09,17,2015,Blancos,2513,,
09,17,2015,Democr&agrave;cia i Llibertat (DL),83170,25.0,2
09,17,2015,Esquerra Republicana de Catalunya-Catalunya S&iacute; (ERC-CATSI),78030,23.5,2
09,17,2015,En Com&uacute; Podem (PODEMOS-EN COM&Uacute;),54071,16.3,1
09,17,2015,Partit dels Socialistes de Catalunya (PSC-PSOE),42096,12.7,1
09,17,2015,Ciudadanos-Partido de la Ciudadan&iacute;a (C's),32762,9.8,0
09,17,2015,Partido Popular (PP),28410,8.5,0
09,17,2015,Uni&oacute; Democr&agrave;tica de Catalunya (unio.cat),5871,1.8,0
09,17,2015,Partido Animalista Contra el Maltrato Animal (PACMA),3623,1.1,0
09,17,2015,Recortes Cero-Grupo Verde,889,0.3,0
09,17,2015,Partit Comunista del Poble de Catalunya (PCPC),602,0.2,0
09,17,2015,Uni&oacute;n Progreso y Democracia (UPyD),586,0.2,0
01,18,2015,Censo,748189,,
01,18,2015,Votantes,514478,68.8,
01,18,2015,Nulos,4235,,
01,18,2015,V&aacute;lidos,510243,,
01,18,2015,Blancos,3442,,
01,18,2015,Partido Popular (PP),158693,31.1,3
01,18,2015,Partido Socialista Obrero Espa&ntilde;ol (PSOE),158027,31.0,2
01,18,2015,Podemos (PODEMOS),83650,16.4,1
01,18,2015,Ciudadanos-Partido de la Ciudadan&iacute;a (C's),70845,13.9,1
01,18,2015,Unidad Popular (IU-UP),26022,5.1,0
01,18,2015,Partido Animalista Contra el Maltrato Animal (PACMA),3843,0.8,0
01,18,2015,Uni&oacute;n Progreso y Democracia (UPyD),2697,0.5,0
01,18,2015,Vox (VOX),1245,0.2,0
01,18,2015,Partido Comunista de los Pueblos de Espa&ntilde;a (PCPE),696,0.1,0
01,18,2015,Recortes Cero-Grupo Verde,638,0.1,0
01,18,2015,Otros,445,0.1,0
07,19,2015,Censo,182321,,
07,19,2015,Votantes,137830,75.6,
07,19,2015,Nulos,1562,,
07,19,2015,V&aacute;lidos,136268,,
07,19,2015,Blancos,979,,
07,19,2015,Partido Popular (PP),47365,34.8,1
07,19,2015,Partido Socialista Obrero Espa&ntilde;ol (PSOE),30685,22.5,1
07,19,2015,Ciudadanos-Partido de la Ciudadan&iacute;a (C's),24603,18.1,1
07,19,2015,Podemos (PODEMOS),23827,17.5,0
07,19,2015,Unidad Popular (IU-UP),5628,4.1,0
07,19,2015,Partido Animalista Contra el Maltrato Animal (PACMA),1152,0.8,0
07,19,2015,Uni&oacute;n Progreso y Democracia (UPyD),1026,0.8,0
07,19,2015,Vox (VOX),645,0.5,0
07,19,2015,Recortes Cero-Grupo Verde,283,0.2,0
07,19,2015,Otros,75,0.1,0
14,20,2015,Censo,580725,,
14,20,2015,Votantes,391433,67.4,
14,20,2015,Nulos,2030,,
14,20,2015,V&aacute;lidos,389403,,
14,20,2015,Blancos,2537,,
14,20,2015,Podemos-Ahal Dugu (PODEMOS),98533,25.3,2
14,20,2015,Euzko Alderdi Jeltzalea-Partido Nacionalista Vasco (EAJ-PNV),91359,23.5,2
14,20,2015,Euskal Herria Bildu (EH Bildu),81257,20.9,1
14,20,2015,Partido Socialista de Euskadi-Euskadiko Ezkerra (PSE-EE/PSOE),51764,13.3,1
14,20,2015,Partido Popular (PP),33884,8.7,0
14,20,2015,Ciudadanos-Partido de la Ciudadan&iacute;a (C's),14608,3.8,0
14,20,2015,Unidad Popular (IU-UP),10722,2.8,0
14,20,2015,Partido Animalista Contra el Maltrato Animal (PACMA),2276,0.6,0
14,20,2015,Uni&oacute;n Progreso y Democracia (UPyD),1313,0.3,0
14,20,2015,Recortes Cero-Grupo Verde,782,0.2,0
14,20,2015,Otros,368,0.1,0
01,21,2015,Censo,396415,,
01,21,2015,Votantes,262151,66.1,
01,21,2015,Nulos,3061,,
01,21,2015,V&aacute;lidos,259090,,
01,21,2015,Blancos,2409,,
01,21,2015,Partido Socialista Obrero Espa&ntilde;ol (PSOE),95637,36.9,2
01,21,2015,Partido Popular (PP),74353,28.7,2
01,21,2015,Podemos (PODEMOS),39435,15.2,1
01,21,2015,Ciudadanos-Partido de la Ciudadan&iacute;a (C's),30776,11.9,0
01,21,2015,Unidad Popular (IU-UP),11786,4.5,0
01,21,2015,Partido Animalista Contra el Maltrato Animal (PACMA),2385,0.9,0
01,21,2015,Uni&oacute;n Progreso y Democracia (UPyD),1014,0.4,0
01,21,2015,Vox (VOX),460,0.2,0
01,21,2015,Recortes Cero-Grupo Verde,336,0.1,0
01,21,2015,Partido Comunista de los Pueblos de Espa&ntilde;a (PCPE),307,0.1,0
01,21,2015,Otros,192,0.1,0
02,22,2015,Censo,174072,,
02,22,2015,Votantes,123297,70.8,
02,22,2015,Nulos,1152,,
02,22,2015,V&aacute;lidos,122145,,
02,22,2015,Blancos,1251,,
02,22,2015,Partido Popular-Partido Aragon&eacute;s (PP-PAR),39747,32.5,1
02,22,2015,Partido Socialista Obrero Espa&ntilde;ol (PSOE),30183,24.7,1
02,22,2015,Podemos-Ahora Alto Arag&oacute;n en Com&uacute;n (PODEMOS),21943,18.0,1
02,22,2015,Ciudadanos-Partido de la Ciudadan&iacute;a (C's),19789,16.2,0
02,22,2015,Unidad Popular (IU-UP),6433,5.3,0
02,22,2015,Uni&oacute;n Progreso y Democracia (UPyD),833,0.7,0
02,22,2015,Partido Animalista Contra el Maltrato Animal (PACMA),792,0.6,0
02,22,2015,Partido Comunista de los Pueblos de Espa&ntilde;a (PCPE),257,0.2,0
02,22,2015,Recortes Cero-Grupo Verde,249,0.2,0
02,22,2015,Otros,668,0.5,0
01,23,2015,Censo,533748,,
01,23,2015,Votantes,391386,73.3,
01,23,2015,Nulos,3886,,
01,23,2015,V&aacute;lidos,387500,,
01,23,2015,Blancos,2713,,
01,23,2015,Partido Socialista Obrero Espa&ntilde;ol (PSOE),148511,38.3,3
01,23,2015,Partido Popular (PP),121984,31.5,2
01,23,2015,Podemos (PODEMOS),48640,12.6,0
01,23,2015,Ciudadanos-Partido de la Ciudadan&iacute;a (C's),41398,10.7,0
01,23,2015,Unidad Popular (IU-UP),16771,4.3,0
01,23,2015,Partido Animalista Contra el Maltrato Animal (PACMA),2543,0.7,0
01,23,2015,Uni&oacute;n Progreso y Democracia (UPyD),1287,0.3,0
01,23,2015,Vox (VOX),715,0.2,0
01,23,2015,Partido Comunista de los Pueblos de Espa&ntilde;a (PCPE),469,0.1,0
01,23,2015,Recortes Cero-Grupo Verde,371,0.1,0
01,23,2015,Otros,2098,0.5,0
08,24,2015,Censo,442375,,
08,24,2015,Votantes,295812,66.9,
08,24,2015,Nulos,3411,,
08,24,2015,V&aacute;lidos,292401,,
08,24,2015,Blancos,2943,,
08,24,2015,Partido Popular (PP),104077,35.6,2
08,24,2015,Partido Socialista Obrero Espa&ntilde;ol (PSOE),74128,25.4,1
08,24,2015,Podemos (PODEMOS),51441,17.6,1
08,24,2015,Ciudadanos-Partido de la Ciudadan&iacute;a (C's),37902,13.0,1
08,24,2015,Unidad Popular (IU-UP),13997,4.8,0
08,24,2015,Uni&oacute;n Progreso y Democracia (UPyD),2047,0.7,0
08,24,2015,Partido Animalista Contra el Maltrato Animal (PACMA),1838,0.6,0
08,24,2015,Vox (VOX),745,0.3,0
08,24,2015,Partido Comunista de los Pueblos de Espa&ntilde;a (PCPE),534,0.2,0
08,24,2015,Recortes Cero-Grupo Verde,482,0.2,0
08,24,2015,Otros,2267,0.8,0
09,25,2015,Censo,313836,,
09,25,2015,Votantes,200496,63.9,
09,25,2015,Nulos,1827,,
09,25,2015,V&aacute;lidos,198669,,
09,25,2015,Blancos,2124,,
09,25,2015,Democr&agrave;cia i Llibertat (DL),48289,24.3,1
09,25,2015,Esquerra Republicana de Catalunya-Catalunya S&iacute; (ERC-CATSI),44317,22.3,1
09,25,2015,En Com&uacute; Podem (PODEMOS-EN COM&Uacute;),30538,15.4,1
09,25,2015,Partit dels Socialistes de Catalunya (PSC-PSOE),24668,12.4,1
09,25,2015,Partido Popular (PP),22360,11.3,0
09,25,2015,Ciudadanos-Partido de la Ciudadan&iacute;a (C's),17897,9.0,0
09,25,2015,Uni&oacute; Democr&agrave;tica de Catalunya (unio.cat),4867,2.4,0
09,25,2015,Partido Animalista Contra el Maltrato Animal (PACMA),1743,0.9,0
09,25,2015,Uni&oacute;n Progreso y Democracia (UPyD),687,0.3,0
09,25,2015,Vox (VOX),465,0.2,0
09,25,2015,Recortes Cero-Grupo Verde,398,0.2,0
09,25,2015,Partit Comunista del Poble de Catalunya (PCPC),316,0.2,0
16,26,2015,Censo,247507,,
16,26,2015,Votantes,179269,72.4,
16,26,2015,Nulos,2062,,
16,26,2015,V&aacute;lidos,177207,,
16,26,2015,Blancos,1496,,
16,26,2015,Partido Popular (PP),67941,38.3,2
16,26,2015,Partido Socialista Obrero Espa&ntilde;ol (PSOE),41973,23.7,1
16,26,2015,Podemos (PODEMOS),28073,15.8,1
16,26,2015,Ciudadanos-Partido de la Ciudadan&iacute;a (C's),26812,15.1,0
16,26,2015,Unidad Popular (IU-UP),7423,4.2,0
16,26,2015,Uni&oacute;n Progreso y Democracia (UPyD),1361,0.8,0
16,26,2015,Partido Animalista Contra el Maltrato Animal (PACMA),1177,0.7,0
16,26,2015,Recortes Cero-Grupo Verde,360,0.2,0
16,26,2015,Partido Comunista de los Pueblos de Espa&ntilde;a (PCPE),229,0.1,0
16,26,2015,Otros,362,0.2,0
11,27,2015,Censo,349547,,
11,27,2015,Votantes,207084,59.2,
11,27,2015,Nulos,3732,,
11,27,2015,V&aacute;lidos,203352,,
11,27,2015,Blancos,2445,,
11,27,2015,Partido Popular (PP),86446,42.5,2
11,27,2015,Partido dos Socialistas de Galicia-PSOE (PSdeG-PSOE),48772,24.0,1
11,27,2015,En Marea (PODEMOS-En Marea-ANOVA-EU),39122,19.2,1
11,27,2015,Ciudadanos-Partido de la Ciudadan&iacute;a (C's),15441,7.6,0
11,27,2015,N&oacute;s-Candidatura Galega (BNG-CG-FOGA-PCPG-PG),7253,3.6,0
11,27,2015,Partido Animalista Contra el Maltrato Animal (PACMA),1633,0.8,0
11,27,2015,Uni&oacute;n Progreso y Democracia (UPyD),971,0.5,0
11,27,2015,Recortes Cero-Grupo Verde,443,0.2,0
11,27,2015,Partido Comunista de los Pueblos de Espa&ntilde;a (PCPE),421,0.2,0
11,27,2015,Otros,405,0.2,0
12,28,2015,Censo,4913893,,
12,28,2015,Votantes,3642127,74.1,
12,28,2015,Nulos,23209,,
12,28,2015,V&aacute;lidos,3618918,,
12,28,2015,Blancos,18751,,
12,28,2015,Partido Popular (PP),1210219,33.4,13
12,28,2015,Podemos (PODEMOS),756257,20.9,8
12,28,2015,Ciudadanos-Partido de la Ciudadan&iacute;a (C's),681167,18.8,7
12,28,2015,Partido Socialista Obrero Espa&ntilde;ol (PSOE),645645,17.8,6
12,28,2015,Unidad Popular (IU-UP),190193,5.3,2
12,28,2015,Uni&oacute;n Progreso y Democracia (UPyD),43508,1.2,0
12,28,2015,Partido Animalista Contra el Maltrato Animal (PACMA),28322,0.8,0
12,28,2015,Vox (VOX),22643,0.6,0
12,28,2015,Recortes Cero-Grupo Verde,4037,0.1,0
12,28,2015,Partido Comunista de los Pueblos de Espa&ntilde;a (PCPE),1742,0.0,0
12,28,2015,Otros,16434,0.5,0
01,29,2015,Censo,1160216,,
01,29,2015,Votantes,783158,67.5,
01,29,2015,Nulos,6594,,
01,29,2015,V&aacute;lidos,776564,,
01,29,2015,Blancos,5724,,
01,29,2015,Partido Popular (PP),224745,28.9,4
01,29,2015,Partido Socialista Obrero Espa&ntilde;ol (PSOE),208896,26.9,3
01,29,2015,Podemos (PODEMOS),132980,17.1,2
01,29,2015,Ciudadanos-Partido de la Ciudadan&iacute;a (C's),132586,17.1,2
01,29,2015,Unidad Popular (IU-UP),52772,6.8,0
01,29,2015,Partido Animalista Contra el Maltrato Animal (PACMA),8886,1.1,0
01,29,2015,Uni&oacute;n Progreso y Democracia (UPyD),4522,0.6,0
01,29,2015,Vox (VOX),1817,0.2,0
01,29,2015,Partido Comunista de los Pueblos de Espa&ntilde;a (PCPE),1029,0.1,0
01,29,2015,Recortes Cero-Grupo Verde,974,0.1,0
01,29,2015,Otros,1633,0.2,0
15,30,2015,Censo,1031733,,
15,30,2015,Votantes,733997,71.1,
15,30,2015,Nulos,6382,,
15,30,2015,V&aacute;lidos,727615,,
15,30,2015,Blancos,4511,,
15,30,2015,Partido Popular (PP),293943,40.4,5
15,30,2015,Partido Socialista Obrero Espa&ntilde;ol (PSOE),147883,20.3,2
15,30,2015,Ciudadanos-Partido de la Ciudadan&iacute;a (C's),128570,17.7,2
15,30,2015,Podemos (PODEMOS),110601,15.2,1
15,30,2015,Unidad Popular (IU-UP),22767,3.1,0
15,30,2015,Partido Animalista Contra el Maltrato Animal (PACMA),6591,0.9,0
15,30,2015,Uni&oacute;n Progreso y Democracia (UPyD),5442,0.7,0
15,30,2015,Vox (VOX),3282,0.5,0
15,30,2015,Recortes Cero-Grupo Verde,1268,0.2,0
15,30,2015,Partido Comunista de los Pueblos de Espa&ntilde;a (PCPE),1051,0.1,0
15,30,2015,Otros,1706,0.2,0
13,31,2015,Censo,502520,,
13,31,2015,Votantes,356462,70.9,
13,31,2015,Nulos,3114,,
13,31,2015,V&aacute;lidos,353348,,
13,31,2015,Blancos,3714,,
13,31,2015,Uni&oacute;n del Pueblo Navarro-Partido Popular (UPN-PP),102244,28.9,2
13,31,2015,Podemos (PODEMOS),81216,23.0,2
13,31,2015,Partido Socialista Obrero Espa&ntilde;ol (PSOE),54856,15.5,1
13,31,2015,Euskal Herria Bildu (EH Bildu),34939,9.9,0
13,31,2015,Geroa Bai (GBAI),30642,8.7,0
13,31,2015,Ciudadanos-Partido de la Ciudadan&iacute;a (C's),24969,7.1,0
13,31,2015,Unidad Popular (IU-UP),14528,4.1,0
13,31,2015,Partido Animalista Contra el Maltrato Animal (PACMA),2343,0.7,0
13,31,2015,Uni&oacute;n Progreso y Democracia (UPyD),1452,0.4,0
13,31,2015,Recortes Cero-Grupo Verde,956,0.3,0
13,31,2015,Otros,1489,0.4,0
11,32,2015,Censo,365513,,
11,32,2015,Votantes,195475,53.5,
11,32,2015,Nulos,2542,,
11,32,2015,V&aacute;lidos,192933,,
11,32,2015,Blancos,1749,,
11,32,2015,Partido Popular (PP),86673,44.9,2
11,32,2015,Partido dos Socialistas de Galicia-PSOE (PSdeG-PSOE),44726,23.2,1
11,32,2015,En Marea (PODEMOS-En Marea-ANOVA-EU),34357,17.8,1
11,32,2015,Ciudadanos-Partido de la Ciudadan&iacute;a (C's),15174,7.9,0
11,32,2015,N&oacute;s-Candidatura Galega (BNG-CG-FOGA-PCPG-PG),6455,3.3,0
11,32,2015,Partido Animalista Contra el Maltrato Animal (PACMA),1406,0.7,0
11,32,2015,Uni&oacute;n Progreso y Democracia (UPyD),777,0.4,0
11,32,2015,Recortes Cero-Grupo Verde,399,0.2,0
11,32,2015,Otros,1217,0.6,0
03,33,2015,Censo,985087,,
03,33,2015,Votantes,628200,63.8,
03,33,2015,Nulos,5233,,
03,33,2015,V&aacute;lidos,622967,,
03,33,2015,Blancos,5591,,
03,33,2015,Partido Popular-Foro Asturias (PP-FORO),187568,30.1,3
03,33,2015,Partido Socialista Obrero Espa&ntilde;ol (PSOE),145113,23.3,2
03,33,2015,Podemos (PODEMOS),132984,21.3,2
03,33,2015,Ciudadanos-Partido de la Ciudadan&iacute;a (C's),84464,13.6,1
03,33,2015,Unidad Popular (IU-UP),52583,8.4,0
03,33,2015,Partido Animalista Contra el Maltrato Animal (PACMA),4555,0.7,0
03,33,2015,Uni&oacute;n Progreso y Democracia (UPyD),3855,0.6,0
03,33,2015,Vox (VOX),1715,0.3,0
03,33,2015,Partido Comunista de los Pueblos de Espa&ntilde;a (PCPE),1240,0.2,0
03,33,2015,Recortes Cero-Grupo Verde,1038,0.2,0
03,33,2015,Otros,2261,0.4,0
08,34,2015,Censo,144427,,
08,34,2015,Votantes,105955,73.4,
08,34,2015,Nulos,1277,,
08,34,2015,V&aacute;lidos,104678,,
08,34,2015,Blancos,993,,
08,34,2015,Partido Popular (PP),42182,40.3,2
08,34,2015,Partido Socialista Obrero Espa&ntilde;ol (PSOE),25698,24.5,1
08,34,2015,Ciudadanos-Partido de la Ciudadan&iacute;a (C's),14814,14.2,0
08,34,2015,Podemos (PODEMOS),14083,13.5,0
08,34,2015,Unidad Popular (IU-UP),4699,4.5,0
08,34,2015,Uni&oacute;n Progreso y Democracia (UPyD),828,0.8,0
08,34,2015,Partido Animalista Contra el Maltrato Animal (PACMA),624,0.6,0
08,34,2015,Recortes Cero-Grupo Verde,159,0.2,0
08,34,2015,Partido Comunista de los Pueblos de Espa&ntilde;a (PCPE),126,0.1,0
08,34,2015,Otros,472,0.5,0
05,35,2015,Censo,838543,,
05,35,2015,Votantes,523637,62.4,
05,35,2015,Nulos,7535,,
05,35,2015,V&aacute;lidos,516102,,
05,35,2015,Blancos,4111,,
05,35,2015,Partido Popular (PP),145372,28.2,3
05,35,2015,Podemos (PODEMOS),136583,26.5,2
05,35,2015,Partido Socialista Obrero Espa&ntilde;ol-Nueva Canarias (PSOE-NCa),115521,22.4,2
05,35,2015,Ciudadanos-Partido de la Ciudadan&iacute;a (C's),63385,12.3,1
05,35,2015,Coalici&oacute;n Canaria-Partido Nacionalista Canario (CCa-PNC),21788,4.2,0
05,35,2015,Unidad Popular (IU-UP),15262,3.0,0
05,35,2015,Partido Animalista Contra el Maltrato Animal (PACMA),5351,1.0,0
05,35,2015,Uni&oacute;n Progreso y Democracia (UPyD),2564,0.5,0
05,35,2015,Recortes Cero-Grupo Verde,1478,0.3,0
05,35,2015,Partido Comunista de los Pueblos de Espa&ntilde;a (PCPE),953,0.2,0
05,35,2015,Vox (VOX),774,0.1,0
05,35,2015,Otros,2960,0.6,0
11,36,2015,Censo,901970,,
11,36,2015,Votantes,579647,64.3,
11,36,2015,Nulos,7883,,
11,36,2015,V&aacute;lidos,571764,,
11,36,2015,Blancos,5481,,
11,36,2015,Partido Popular (PP),197201,34.5,3
11,36,2015,En Marea (PODEMOS-En Marea-ANOVA-EU),159638,27.9,2
11,36,2015,Partido dos Socialistas de Galicia-PSOE (PSdeG-PSOE),118988,20.8,2
11,36,2015,Ciudadanos-Partido de la Ciudadan&iacute;a (C's),51453,9.0,0
11,36,2015,N&oacute;s-Candidatura Galega (BNG-CG-FOGA-PCPG-PG),26537,4.6,0
11,36,2015,Partido Animalista Contra el Maltrato Animal (PACMA),5315,0.9,0
11,36,2015,Uni&oacute;n Progreso y Democracia (UPyD),3177,0.6,0
11,36,2015,Recortes Cero-Grupo Verde,1439,0.3,0
11,36,2015,Partido Comunista de los Pueblos de Espa&ntilde;a (PCPE),1377,0.2,0
11,36,2015,Otros,1158,0.2,0
08,37,2015,Censo,309358,,
08,37,2015,Votantes,211743,68.4,
08,37,2015,Nulos,2276,,
08,37,2015,V&aacute;lidos,209467,,
08,37,2015,Blancos,1997,,
08,37,2015,Partido Popular (PP),89375,42.7,2
08,37,2015,Partido Socialista Obrero Espa&ntilde;ol (PSOE),45593,21.8,1
08,37,2015,Ciudadanos-Partido de la Ciudadan&iacute;a (C's),35242,16.8,1
08,37,2015,Podemos (PODEMOS),25743,12.3,0
08,37,2015,Unidad Popular (IU-UP),7017,3.3,0
08,37,2015,Uni&oacute;n Progreso y Democracia (UPyD),1669,0.8,0
08,37,2015,Partido Animalista Contra el Maltrato Animal (PACMA),1175,0.6,0
08,37,2015,Vox (VOX),822,0.4,0
08,37,2015,Recortes Cero-Grupo Verde,319,0.2,0
08,37,2015,Partido Comunista de los Pueblos de Espa&ntilde;a (PCPE),264,0.1,0
08,37,2015,Otros,251,0.1,0
05,38,2015,Censo,830368,,
05,38,2015,Votantes,483294,58.2,
05,38,2015,Nulos,5365,,
05,38,2015,V&aacute;lidos,477929,,
05,38,2015,Blancos,3151,,
05,38,2015,Partido Popular (PP),138203,28.9,2
05,38,2015,Partido Socialista Obrero Espa&ntilde;ol-Nueva Canarias (PSOE-NCa),102892,21.5,2
05,38,2015,Podemos (PODEMOS),94936,19.9,1
05,38,2015,Coalici&oacute;n Canaria-Partido Nacionalista Canario (CCa-PNC),60129,12.6,1
05,38,2015,Ciudadanos-Partido de la Ciudadan&iacute;a (C's),50257,10.5,1
05,38,2015,Unidad Popular (IU-UP),15716,3.3,0
05,38,2015,Partido Animalista Contra el Maltrato Animal (PACMA),6537,1.4,0
05,38,2015,Uni&oacute;n Progreso y Democracia (UPyD),2117,0.4,0
05,38,2015,Recortes Cero-Grupo Verde,1182,0.2,0
05,38,2015,Vox (VOX),772,0.2,0
05,38,2015,Partido Comunista de los Pueblos de Espa&ntilde;a (PCPE),759,0.2,0
05,38,2015,Otros,1278,0.3,0
06,39,2015,Censo,498771,,
06,39,2015,Votantes,353975,71.0,
06,39,2015,Nulos,3904,,
06,39,2015,V&aacute;lidos,350071,,
06,39,2015,Blancos,2849,,
06,39,2015,Partido Popular (PP),129216,36.9,2
06,39,2015,Partido Socialista Obrero Espa&ntilde;ol (PSOE),78460,22.4,1
06,39,2015,Podemos (PODEMOS),62569,17.9,1
06,39,2015,Ciudadanos-Partido de la Ciudadan&iacute;a (C's),53371,15.2,1
06,39,2015,Unidad Popular (IU-UP),15488,4.4,0
06,39,2015,Partido Animalista Contra el Maltrato Animal (PACMA),2943,0.8,0
06,39,2015,Uni&oacute;n Progreso y Democracia (UPyD),2875,0.8,0
06,39,2015,Vox (VOX),901,0.3,0
06,39,2015,Recortes Cero-Grupo Verde,529,0.2,0
06,39,2015,Partido Comunista de los Pueblos de Espa&ntilde;a (PCPE),461,0.1,0
06,39,2015,Otros,409,0.1,0
08,40,2015,Censo,121440,,
08,40,2015,Votantes,93139,76.7,
08,40,2015,Nulos,1303,,
08,40,2015,V&aacute;lidos,91836,,
08,40,2015,Blancos,903,,
08,40,2015,Partido Popular (PP),36182,39.4,2
08,40,2015,Partido Socialista Obrero Espa&ntilde;ol (PSOE),19769,21.5,1
08,40,2015,Ciudadanos-Partido de la Ciudadan&iacute;a (C's),15665,17.1,0
08,40,2015,Podemos (PODEMOS),13144,14.3,0
08,40,2015,Unidad Popular (IU-UP),3742,4.1,0
08,40,2015,Uni&oacute;n Progreso y Democracia (UPyD),1274,1.4,0
08,40,2015,Partido Animalista Contra el Maltrato Animal (PACMA),517,0.6,0
08,40,2015,Recortes Cero-Grupo Verde,227,0.2,0
08,40,2015,Partido Comunista de los Pueblos de Espa&ntilde;a (PCPE),190,0.2,0
08,40,2015,Otros,223,0.2,0
01,41,2015,Censo,1531161,,
01,41,2015,Votantes,1105238,72.2,
01,41,2015,Nulos,11217,,
01,41,2015,V&aacute;lidos,1094021,,
01,41,2015,Blancos,9968,,
01,41,2015,Partido Socialista Obrero Espa&ntilde;ol (PSOE),371142,33.9,5
01,41,2015,Partido Popular (PP),275463,25.2,3
01,41,2015,Podemos (PODEMOS),208408,19.0,2
01,41,2015,Ciudadanos-Partido de la Ciudadan&iacute;a (C's),142574,13.0,2
01,41,2015,Unidad Popular (IU-UP),62309,5.7,0
01,41,2015,Partido Animalista Contra el Maltrato Animal (PACMA),9976,0.9,0
01,41,2015,Uni&oacute;n Progreso y Democracia (UPyD),6421,0.6,0
01,41,2015,Vox (VOX),2717,0.2,0
01,41,2015,Recortes Cero-Grupo Verde,1413,0.1,0
01,41,2015,Partido Comunista de los Pueblos de Espa&ntilde;a (PCPE),893,0.1,0
01,41,2015,Otros,2737,0.3,0
08,42,2015,Censo,76986,,
08,42,2015,Votantes,52483,68.2,
08,42,2015,Nulos,647,,
08,42,2015,V&aacute;lidos,51836,,
08,42,2015,Blancos,679,,
08,42,2015,Partido Popular (PP),20030,38.6,1
08,42,2015,Partido Socialista Obrero Espa&ntilde;ol (PSOE),12331,23.8,1
08,42,2015,Podemos (PODEMOS),8328,16.1,0
08,42,2015,Ciudadanos-Partido de la Ciudadan&iacute;a (C's),7872,15.2,0
08,42,2015,Unidad Popular (IU-UP),1836,3.5,0
08,42,2015,Uni&oacute;n Progreso y Democracia (UPyD),327,0.6,0
08,42,2015,Partido Animalista Contra el Maltrato Animal (PACMA),192,0.4,0
08,42,2015,Recortes Cero-Grupo Verde,86,0.2,0
08,42,2015,Partido Comunista de los Pueblos de Espa&ntilde;a (PCPE),54,0.1,0
08,42,2015,Otros,101,0.2,0
09,43,2015,Censo,562799,,
09,43,2015,Votantes,376484,66.9,
09,43,2015,Nulos,3324,,
09,43,2015,V&aacute;lidos,373160,,
09,43,2015,Blancos,2684,,
09,43,2015,En Com&uacute; Podem (PODEMOS-EN COM&Uacute;),77036,20.6,1
09,43,2015,Esquerra Republicana de Catalunya-Catalunya S&iacute; (ERC-CATSI),65272,17.5,1
09,43,2015,Partit dels Socialistes de Catalunya (PSC-PSOE),58922,15.8,1
09,43,2015,Democr&agrave;cia i Llibertat (DL),57071,15.3,1
09,43,2015,Ciudadanos-Partido de la Ciudadan&iacute;a (C's),53152,14.2,1
09,43,2015,Partido Popular (PP),45619,12.2,1
09,43,2015,Uni&oacute; Democr&agrave;tica de Catalunya (unio.cat),6324,1.7,0
09,43,2015,Partido Animalista Contra el Maltrato Animal (PACMA),4170,1.1,0
09,43,2015,Recortes Cero-Grupo Verde,894,0.2,0
09,43,2015,Partit Comunista del Poble de Catalunya (PCPC),705,0.2,0
09,43,2015,Uni&oacute;n Progreso y Democracia (UPyD),686,0.2,0
09,43,2015,Otros,625,0.2,0
02,44,2015,Censo,109984,,
02,44,2015,Votantes,78784,71.6,
02,44,2015,Nulos,1082,,
02,44,2015,V&aacute;lidos,77702,,
02,44,2015,Blancos,883,,
02,44,2015,Partido Popular-Partido Aragon&eacute;s (PP-PAR),28282,36.4,2
02,44,2015,Partido Socialista Obrero Espa&ntilde;ol (PSOE),19938,25.7,1
02,44,2015,Podemos (PODEMOS),11895,15.3,0
02,44,2015,Ciudadanos-Partido de la Ciudadan&iacute;a (C's),11427,14.7,0
02,44,2015,Unidad Popular (IU-UP),3897,5.0,0
02,44,2015,Uni&oacute;n Progreso y Democracia (UPyD),456,0.6,0
02,44,2015,Partido Animalista Contra el Maltrato Animal (PACMA),375,0.5,0
02,44,2015,Recortes Cero-Grupo Verde,139,0.2,0
02,44,2015,Partido Comunista de los Pueblos de Espa&ntilde;a (PCPE),97,0.1,0
02,44,2015,Otros,313,0.4,0
07,45,2015,Censo,518838,,
07,45,2015,Votantes,390379,75.2,
07,45,2015,Nulos,4881,,
07,45,2015,V&aacute;lidos,385498,,
07,45,2015,Blancos,2325,,
07,45,2015,Partido Popular (PP),149442,38.8,2
07,45,2015,Partido Socialista Obrero Espa&ntilde;ol (PSOE),106988,27.8,2
07,45,2015,Ciudadanos-Partido de la Ciudadan&iacute;a (C's),53199,13.8,1
07,45,2015,Podemos (PODEMOS),52587,13.6,1
07,45,2015,Unidad Popular (IU-UP),13590,3.5,0
07,45,2015,Partido Animalista Contra el Maltrato Animal (PACMA),3039,0.8,0
07,45,2015,Uni&oacute;n Progreso y Democracia (UPyD),1901,0.5,0
07,45,2015,Vox (VOX),1509,0.4,0
07,45,2015,Recortes Cero-Grupo Verde,612,0.2,0
07,45,2015,Partido Comunista de los Pueblos de Espa&ntilde;a (PCPE),306,0.1,0
17,46,2015,Censo,1946144,,
17,46,2015,Votantes,1478042,75.9,
17,46,2015,Nulos,11888,,
17,46,2015,V&aacute;lidos,1466154,,
17,46,2015,Blancos,8747,,
17,46,2015,Partido Popular (PP),442578,30.2,5
17,46,2015,Comprom&iacute;s-Podemos-&Eacute;s el Moment (PODEMOS-COMPROM&Iacute;S),397207,27.1,5
17,46,2015,Partido Socialista Obrero Espa&ntilde;ol (PSOE),276188,18.8,3
17,46,2015,Ciudadanos-Partido de la Ciudadan&iacute;a (C's),221896,15.1,2
17,46,2015,Unidad Popular (IU-UP),68961,4.7,0
17,46,2015,Partido Animalista Contra el Maltrato Animal (PACMA),14494,1.0,0
17,46,2015,Uni&oacute;n Progreso y Democracia (UPyD),9990,0.7,0
17,46,2015,Vox (VOX),4135,0.3,0
17,46,2015,Recortes Cero-Grupo Verde,2761,0.2,0
17,46,2015,Partido Comunista de los Pueblos de Espa&ntilde;a (PCPE),2091,0.1,0
17,46,2015,Otros,17106,1.2,0
08,47,2015,Censo,433667,,
08,47,2015,Votantes,331631,76.5,
08,47,2015,Nulos,2886,,
08,47,2015,V&aacute;lidos,328745,,
08,47,2015,Blancos,2683,,
08,47,2015,Partido Popular (PP),121323,36.9,2
08,47,2015,Partido Socialista Obrero Espa&ntilde;ol (PSOE),70879,21.6,1
08,47,2015,Ciudadanos-Partido de la Ciudadan&iacute;a (C's),56347,17.1,1
08,47,2015,Podemos (PODEMOS),50204,15.3,1
08,47,2015,Unidad Popular (IU-UP),17935,5.5,0
08,47,2015,Uni&oacute;n Progreso y Democracia (UPyD),2940,0.9,0
08,47,2015,Partido Animalista Contra el Maltrato Animal (PACMA),1735,0.5,0
08,47,2015,Vox (VOX),1230,0.4,0
08,47,2015,Recortes Cero-Grupo Verde,489,0.1,0
08,47,2015,Partido Comunista de los Pueblos de Espa&ntilde;a (PCPE),429,0.1,0
08,47,2015,Otros,2551,0.8,0
14,48,2015,Censo,949177,,
14,48,2015,Votantes,658824,69.4,
14,48,2015,Nulos,4647,,
14,48,2015,V&aacute;lidos,654177,,
14,48,2015,Blancos,4840,,
14,48,2015,Euzko Alderdi Jeltzalea-Partido Nacionalista Vasco (EAJ-PNV),182604,27.9,3
14,48,2015,Podemos-Ahal Dugu (PODEMOS),170728,26.1,2
14,48,2015,Partido Socialista de Euskadi-Euskadiko Ezkerra (PSE-EE/PSOE),84893,13.0,1
14,48,2015,Euskal Herria Bildu (EH Bildu),81704,12.5,1
14,48,2015,Partido Popular (PP),74560,11.4,1
14,48,2015,Ciudadanos-Partido de la Ciudadan&iacute;a (C's),25148,3.8,0
14,48,2015,Unidad Popular (IU-UP),18466,2.8,0
14,48,2015,Partido Animalista Contra el Maltrato Animal (PACMA),4342,0.7,0
14,48,2015,Uni&oacute;n Progreso y Democracia (UPyD),2012,0.3,0
14,48,2015,Recortes Cero-Grupo Verde,1089,0.2,0
14,48,2015,Partido Comunista de los Pueblos de Espa&ntilde;a (PCPE),414,0.1,0
14,48,2015,Otros,3377,0.5,0
08,49,2015,Censo,174445,,
08,49,2015,Votantes,114703,65.8,
08,49,2015,Nulos,1534,,
08,49,2015,V&aacute;lidos,113169,,
08,49,2015,Blancos,1227,,
08,49,2015,Partido Popular (PP),48160,42.6,2
08,49,2015,Partido Socialista Obrero Espa&ntilde;ol (PSOE),25985,23.0,1
08,49,2015,Podemos (PODEMOS),15865,14.0,0
08,49,2015,Ciudadanos-Partido de la Ciudadan&iacute;a (C's),14608,12.9,0
08,49,2015,Unidad Popular (IU-UP),5514,4.9,0
08,49,2015,Uni&oacute;n Progreso y Democracia (UPyD),747,0.7,0
08,49,2015,Partido Animalista Contra el Maltrato Animal (PACMA),502,0.4,0
08,49,2015,Recortes Cero-Grupo Verde,187,0.2,0
08,49,2015,Partido Comunista de los Pueblos de Espa&ntilde;a (PCPE),128,0.1,0
08,49,2015,Otros,246,0.2,0
02,50,2015,Censo,735079,,
02,50,2015,Votantes,537626,73.1,
02,50,2015,Nulos,3894,,
02,50,2015,V&aacute;lidos,533732,,
02,50,2015,Blancos,4657,,
02,50,2015,Partido Popular-Partido Aragon&eacute;s (PP-PAR),161662,30.3,3
02,50,2015,Partido Socialista Obrero Espa&ntilde;ol (PSOE),118936,22.3,2
02,50,2015,Podemos (PODEMOS),102596,19.2,1
02,50,2015,Ciudadanos-Partido de la Ciudadan&iacute;a (C's),95130,17.8,1
02,50,2015,Unidad Popular (IU-UP),34869,6.5,0
02,50,2015,Uni&oacute;n Progreso y Democracia (UPyD),4514,0.8,0
02,50,2015,Partido Animalista Contra el Maltrato Animal (PACMA),4057,0.8,0
02,50,2015,Vox (VOX),1849,0.3,0
02,50,2015,Recortes Cero-Grupo Verde,1088,0.2,0
02,50,2015,Partido Comunista de los Pueblos de Espa&ntilde;a (PCPE),845,0.2,0
02,50,2015,Otros,3529,0.7,0
18,51,2015,Censo,61660,,
18,51,2015,Votantes,33516,54.4,
18,51,2015,Nulos,493,,
18,51,2015,V&aacute;lidos,33023,,
18,51,2015,Blancos,413,,
18,51,2015,Partido Popular (PP),14813,44.9,1
18,51,2015,Partido Socialista Obrero Espa&ntilde;ol (PSOE),7627,23.1,0
18,51,2015,Podemos (PODEMOS),4646,14.1,0
18,51,2015,Ciudadanos-Partido de la Ciudadan&iacute;a (C's),4392,13.3,0
18,51,2015,Unidad Popular (IU-UP),431,1.3,0
18,51,2015,Partido Animalista Contra el Maltrato Animal (PACMA),358,1.1,0
18,51,2015,Uni&oacute;n Progreso y Democracia (UPyD),197,0.6,0
18,51,2015,Recortes Cero-Grupo Verde,146,0.4,0
19,52,2015,Censo,57639,,
19,52,2015,Votantes,28445,49.4,
19,52,2015,Nulos,363,,
19,52,2015,V&aacute;lidos,28082,,
19,52,2015,Blancos,299,,
19,52,2015,Partido Popular (PP),12331,43.9,1
19,52,2015,Partido Socialista Obrero Espa&ntilde;ol (PSOE),6905,24.6,0
19,52,2015,Ciudadanos-Partido de la Ciudadan&iacute;a (C's),4366,15.5,0
19,52,2015,Podemos (PODEMOS),3215,11.4,0
19,52,2015,Unidad Popular (IU-UP),366,1.3,0
19,52,2015,Partido Animalista Contra el Maltrato Animal (PACMA),314,1.1,0
19,52,2015,Uni&oacute;n Progreso y Democracia (UPyD),240,0.9,0
19,52,2015,Recortes Cero-Grupo Verde,46,0.2,0